insert into genre_list (genre_id, genre_name)
values
(1, 'Попса'),
(2, 'Панк'),
(3, 'Скрипка'),
(4, 'Хип-Хо'),
(5, 'Скандинавия'),
(6, 'Альтернатива');


insert into executor_list (executor_id, executor_name)
values
(1, 'Обломов'),
(2, 'Порно фильмы'),
(3,'Король и шут'),
(4, 'Киркоров'),
(5, 'Noize MC'),
(6, 'Skald'),
(7, '25/17'),
(8, 'Lindsey Stirling');

insert into albom_list (albom_id, albom_name, year_of_release)
values
(1, 'Многоходовочка', '2014-01-01'),
(2, 'Это пройдет', '2020-01-01'),
(3,'Продовец кошмаров', '2006-01-01'),
(4, 'Любовь или обман', '2017-01-01'),
(5, 'Последний альбом', '2018-01-01'),
(6, 'Vikings Memories', '2020-01-01'),
(7, 'Комната', '2017-01-01'),
(8, 'Beautiful Times', '2014-01-01');


insert into track_list (track_id, track_name, track_time_sec, albom_id)
values
(1, 'первый', 20, 1),
(2, 'второй', 30, 2),
(3,'третий', 40,3),
(4, 'четвертый', 10,4),
(5, 'пятый', 20, 5),
(6, 'шестой', 150, 6),
(7, 'седьмой', 170, 7),
(8, 'восьмой', 180, 8),
(9, 'девятый', 900, 1),
(10, 'десятый', 1000, 2),
(11,'двенадцатый', 800, 6),
(12, 'тринадцатый', 10, 8),
(13, 'двадцатый', 15, 5),
(14, 'тридцатый', 20, 4),
(15, 'сотый', 5, 1),
(16, 'последний', 1, 3);

UPDATE track_list set track_name = 'one my one' WHERE track_id = 3;

insert into collection (collection_id, collection_name, year_of_release)
values
(1, 'вторая сборник', '2014-01-01'),
(2, 'первый сборник', '2020-01-01'),
(3,'пятый сборник', '2006-01-01'),
(4, 'шестой сборник', '2017-01-01'),
(5, 'сотый сборник', '2018-01-01'),
(6, 'последний сборник', '2020-01-01'),
(7, 'восьмой сборник', '2017-01-01'),
(8, 'хрень', '2014-01-01');

insert into genre_executor (genre_id, executor_id)
values
(6, 1),
(2, 2),
(2, 3),
(1, 4),
(4, 5),
(5, 6),
(6, 7),
(3, 8);
insert into albom_executor (executor_id, albom_id)
values
(1, 1),
(2, 2),
(3,3),
(4, 4),
(5, 5),
(6, 6),
(7, 7),
(8, 8);
insert into track_collection (track_id, collection_id)
values
(1, 1),
(2, 2),
(3, 3),
(4, 4),
(5, 5),
(6, 6),
(7, 7),
(8, 8),
(9, 4),
(10, 5),
(11, 6),
(12, 7),
(13, 8),
(14, 1),
(15, 5),
(16, 8);